{
	"credit": "Made with Blockbench",
	"parent": "block/block",
	"textures": {
		"0": "create:block/belt_diagonal",
		"particle": "create:block/belt_diagonal"
	},
	"elements": [
		{
			"name": "Top Diagonal First",
			"from": [1, 11, -3.3],
			"to": [15, 13, 8.02],
			"rotation": {"angle": 45, "axis": "x", "origin": [8, 8, 8]},
			"faces": {
				"east": {"uv": [14, 4, 16, 16], "rotation": 90, "texture": "#0"},
				"west": {"uv": [0, 4, 2, 16], "rotation": 270, "texture": "#0"},
				"up": {"uv": [1, 4, 15, 16], "texture": "#0"},
				"down": {"uv": [1, 4, 15, 16], "rotation": 180, "texture": "#0"}
			}
		},
		{
			"name": "Top Diagonal",
			"from": [1, 11, 8],
			"to": [15, 13, 19.325],
			"rotation": {"angle": 45, "axis": "x", "origin": [8, 8, 8]},
			"faces": {
				"east": {"uv": [14, 4, 16, 16], "rotation": 90, "texture": "#0"},
				"west": {"uv": [0, 4, 2, 16], "rotation": 270, "texture": "#0"},
				"up": {"uv": [1, 4, 15, 16], "texture": "#0"},
				"down": {"uv": [1, 4, 15, 16], "rotation": 180, "texture": "#0"}
			}
		},
		{
			"name": "Bottom Diagonal First",
			"from": [1, -3.3, 3],
			"to": [15, 8.02, 5],
			"rotation": {"angle": -45, "axis": "x", "origin": [8, 8, 8]},
			"faces": {
				"north": {"uv": [1, 4, 15, 16], "rotation": 180, "texture": "#0"},
				"east": {"uv": [14, 4, 16, 16], "rotation": 180, "texture": "#0"},
				"south": {"uv": [1, 4, 15, 16], "rotation": 180, "texture": "#0"},
				"west": {"uv": [0, 4, 2, 16], "rotation": 180, "texture": "#0"}
			}
		},
		{
			"name": "Bottom Diagonal",
			"from": [1, 8, 3],
			"to": [15, 19.325, 5],
			"rotation": {"angle": -45, "axis": "x", "origin": [8, 8, 8]},
			"faces": {
				"north": {"uv": [1, 4, 15, 16], "rotation": 180, "texture": "#0"},
				"east": {"uv": [14, 4, 16, 16], "rotation": 180, "texture": "#0"},
				"south": {"uv": [1, 4, 15, 16], "rotation": 180, "texture": "#0"},
				"west": {"uv": [0, 4, 2, 16], "rotation": 180, "texture": "#0"}
			}
		}
	],
	"groups": [
		{
			"name": "Top",
			"origin": [8, 8, 8],
			"color": 0,
			"children": [0, 1]
		},
		{
			"name": "Bottom",
			"origin": [8, 8, 8],
			"color": 0,
			"children": [2, 3]
		}
	]
}