{
	"credit": "Made with Blockbench",
	"parent": "create:block/block",
	"textures": {
		"0": "create:block/axis",
		"3": "create:block/axis_top",
		"4": "create:block/brass_gearbox",
		"7": "create:block/funnel/brass_funnel_neutral",
		"9": "create:block/brass_block",
		"particle": "create:block/brass_gearbox",
		"1_0": "create:block/rotation_speed_controller",
		"1_5": "create:block/rotation_speed_controller_top"
	},
	"elements": [
		{
			"name": "Axis",
			"from": [6, 6, 0],
			"to": [10, 10, 16],
			"faces": {
				"north": {"uv": [6, 6, 10, 10], "rotation": 180, "texture": "#3"},
				"east": {"uv": [6, 0, 10, 16], "rotation": 90, "texture": "#0"},
				"south": {"uv": [6, 6, 10, 10], "texture": "#3"},
				"west": {"uv": [6, 0, 10, 16], "rotation": 270, "texture": "#0"},
				"up": {"uv": [6, 0, 10, 16], "texture": "#0"},
				"down": {"uv": [6, 0, 10, 16], "rotation": 180, "texture": "#0"}
			}
		},
		{
			"from": [0, 0, 0],
			"to": [16, 4, 16],
			"faces": {
				"north": {"uv": [14, 0, 16, 8], "rotation": 90, "texture": "#7"},
				"east": {"uv": [14, 0, 16, 8], "rotation": 90, "texture": "#7"},
				"south": {"uv": [14, 0, 16, 8], "rotation": 90, "texture": "#7"},
				"west": {"uv": [14, 0, 16, 8], "rotation": 90, "texture": "#7"},
				"up": {"uv": [0, 0, 1, 1], "texture": "#4"},
				"down": {"uv": [0, 0, 16, 16], "texture": "#9"}
			}
		},
		{
			"from": [0, 8, 0],
			"to": [5, 14, 16],
			"rotation": {"angle": 0, "axis": "y", "origin": [8, 18, 8]},
			"faces": {
				"north": {"uv": [13.5, 13, 16, 10], "texture": "#7"},
				"east": {"uv": [15, 10, 16, 11], "texture": "#4"},
				"south": {"uv": [8, 10, 10.5, 13], "texture": "#7"},
				"west": {"uv": [8, 10, 16, 13], "texture": "#7"},
				"up": {"uv": [0, 0, 5, 16], "texture": "#1_5"},
				"down": {"uv": [8, 13, 16, 13.5], "rotation": 90, "texture": "#7"}
			}
		},
		{
			"from": [1, 4, 1],
			"to": [15, 12, 15],
			"rotation": {"angle": 0, "axis": "y", "origin": [8, 14, 8]},
			"faces": {
				"north": {"uv": [1, 0, 15, 8], "texture": "#1_0"},
				"east": {"uv": [1, 8, 15, 16], "texture": "#1_0"},
				"south": {"uv": [1, 0, 15, 8], "texture": "#1_0"},
				"west": {"uv": [1, 8, 15, 16], "texture": "#1_0"},
				"up": {"uv": [1, 1, 15, 15], "texture": "#1_5"}
			}
		},
		{
			"from": [11, 8, 0],
			"to": [16, 14, 16],
			"rotation": {"angle": 0, "axis": "y", "origin": [19, 18, 8]},
			"faces": {
				"north": {"uv": [8, 10, 10.5, 13], "texture": "#7"},
				"east": {"uv": [8, 10, 16, 13], "texture": "#7"},
				"south": {"uv": [13.5, 13, 16, 10], "texture": "#7"},
				"west": {"uv": [15, 10, 16, 11], "texture": "#4"},
				"up": {"uv": [11, 0, 16, 16], "texture": "#1_5"},
				"down": {"uv": [8, 13, 16, 13.5], "rotation": 90, "texture": "#7"}
			}
		},
		{
			"from": [10, 11, 0],
			"to": [11, 14, 16],
			"rotation": {"angle": 0, "axis": "y", "origin": [18, 18, 8]},
			"faces": {
				"north": {"uv": [13, 11.5, 13.5, 10], "rotation": 180, "texture": "#7"},
				"south": {"uv": [13, 11.5, 13.5, 10], "rotation": 180, "texture": "#7"},
				"west": {"uv": [11, 0, 14, 16], "rotation": 90, "texture": "#1_5"},
				"up": {"uv": [10, 0, 11, 16], "texture": "#1_5"},
				"down": {"uv": [15, 0, 16, 16], "texture": "#9"}
			}
		},
		{
			"from": [5, 11, 0],
			"to": [6, 14, 16],
			"rotation": {"angle": 0, "axis": "y", "origin": [-2, 18, 8]},
			"faces": {
				"north": {"uv": [13, 11.5, 13.5, 10], "rotation": 180, "texture": "#7"},
				"east": {"uv": [5, 0, 2, 16], "rotation": 90, "texture": "#1_5"},
				"south": {"uv": [13, 11.5, 13.5, 10], "rotation": 180, "texture": "#7"},
				"up": {"uv": [5, 0, 6, 16], "texture": "#1_5"},
				"down": {"uv": [16, 0, 15, 16], "texture": "#9"}
			}
		}
	],
	"groups": [
		0,
		{
			"name": "block",
			"origin": [8, 8, 8],
			"color": 0,
			"children": [1, 2, 3, 4, 5, 6]
		}
	]
}