{
	"credit": "Made with Blockbench",
	"textures": {
		"0": "create:block/placard",
		"particle": "create:block/placard"
	},
	"elements": [
		{
			"from": [11, -0.95, 2],
			"to": [14, 2.05, 14],
			"rotation": {"angle": 0, "axis": "y", "origin": [8, 8, 8]},
			"faces": {
				"north": {"uv": [13, 13, 16, 16], "rotation": 270, "texture": "#0"},
				"east": {"uv": [0, 13, 12, 16], "texture": "#0"},
				"south": {"uv": [13, 13, 16, 16], "rotation": 90, "texture": "#0"},
				"west": {"uv": [0, 13, 12, 16], "rotation": 180, "texture": "#0"},
				"up": {"uv": [13, 0, 16, 12], "rotation": 180, "texture": "#0"},
				"down": {"uv": [13, 0, 16, 12], "texture": "#0"}
			}
		},
		{
			"from": [2, -0.95, 2],
			"to": [5, 2.05, 14],
			"rotation": {"angle": 0, "axis": "y", "origin": [8, 8, 8]},
			"faces": {
				"north": {"uv": [13, 13, 16, 16], "rotation": 270, "texture": "#0"},
				"east": {"uv": [0, 13, 12, 16], "texture": "#0"},
				"south": {"uv": [13, 13, 16, 16], "rotation": 90, "texture": "#0"},
				"west": {"uv": [0, 13, 12, 16], "rotation": 180, "texture": "#0"},
				"up": {"uv": [13, 0, 16, 12], "rotation": 180, "texture": "#0"},
				"down": {"uv": [13, 0, 16, 12], "texture": "#0"}
			}
		},
		{
			"from": [2.5, 1, 2.5],
			"to": [13.5, 3, 13.5],
			"rotation": {"angle": -45, "axis": "y", "origin": [8, 8, 8]},
			"faces": {
				"north": {"uv": [0, 11, 12, 12], "rotation": 180, "texture": "#0"},
				"east": {"uv": [12, 0, 10, 12], "rotation": 270, "texture": "#0"},
				"south": {"uv": [10, 0, 12, 12], "rotation": 90, "texture": "#0"},
				"west": {"uv": [11, 0, 12, 12], "rotation": 90, "texture": "#0"},
				"up": {"uv": [0, 0, 12, 12], "rotation": 180, "texture": "#0"},
				"down": {"uv": [0, 0, 12, 12], "texture": "#0"}
			}
		}
	],
	"display": {
		"thirdperson_righthand": {
			"rotation": [75, 45, 0],
			"translation": [0, 2.5, 2.25],
			"scale": [0.375, 0.375, 0.375]
		},
		"thirdperson_lefthand": {
			"rotation": [75, 45, 0],
			"translation": [0, 2.5, 2.25],
			"scale": [0.375, 0.375, 0.375]
		},
		"firstperson_righthand": {
			"rotation": [0, 135, 0],
			"translation": [0, 2.5, 0],
			"scale": [0.4, 0.4, 0.4]
		},
		"firstperson_lefthand": {
			"rotation": [0, 135, 0],
			"translation": [0, 2.5, 0],
			"scale": [0.4, 0.4, 0.4]
		},
		"ground": {
			"translation": [0, 3, 0],
			"scale": [0.25, 0.25, 0.25]
		},
		"gui": {
			"rotation": [30, 225, 0],
			"translation": [0, 3.5, 0],
			"scale": [0.75, 0.75, 0.75]
		},
		"head": {
			"translation": [0, 13.5, 0]
		},
		"fixed": {
			"rotation": [-90, 0, 0],
			"translation": [0, 0, -4],
			"scale": [0.5, 0.5, 0.5]
		}
	}
}