{
	"credit": "Made with Blockbench",
	"parent": "block/block",
	"textures": {
		"4": "create:block/belt/brass_belt_casing",
		"particle": "create:block/brass_casing"
	},
	"elements": [
		{
			"name": "1",
			"from": [0, 0, 0],
			"to": [16, 11, 16],
			"faces": {
				"north": {"uv": [4, 5.25, 8, 8], "texture": "#4"},
				"east": {"uv": [0, 0, 4, 2.75], "texture": "#4"},
				"south": {"uv": [4, 5.25, 8, 8], "texture": "#4"},
				"west": {"uv": [0, 0, 4, 2.75], "texture": "#4"},
				"up": {"uv": [0, 4, 4, 8], "texture": "#4"},
				"down": {"uv": [12, 12, 16, 16], "rotation": 180, "texture": "#4"}
			}
		}
	]
}