{
	"credit": "Made with Blockbench",
	"parent": "create:block/large_wheels",
	"textures": {
		"1": "block/stripped_spruce_log_top",
		"4": "create:block/large_cogwheel",
		"particle": "create:block/andesite_casing",
		"casing": "create:block/andesite_casing",
		"side": "create:block/andesite_encased_cogwheel_side_connected"
	},
	"elements": [
		{
			"from": [0, 0, 0],
			"to": [16, 6, 16],
			"faces": {
				"north": {"uv": [8, 13, 16, 16], "texture": "#side"},
				"east": {"uv": [8, 13, 16, 16], "texture": "#side"},
				"south": {"uv": [8, 13, 16, 16], "texture": "#side"},
				"west": {"uv": [8, 13, 16, 16], "texture": "#side"},
				"up": {"uv": [0, 0, 16, 16], "texture": "#1"},
				"down": {"uv": [0, 0, 16, 16], "texture": "#casing"}
			}
		},
		{
			"from": [0, 10, 0],
			"to": [16, 16, 16],
			"faces": {
				"north": {"uv": [8, 8, 16, 11], "texture": "#side"},
				"east": {"uv": [8, 8, 16, 11], "texture": "#side"},
				"south": {"uv": [8, 8, 16, 11], "texture": "#side"},
				"west": {"uv": [8, 8, 16, 11], "texture": "#side"},
				"up": {"uv": [0, 0, 16, 16], "texture": "#casing"},
				"down": {"uv": [0, 0, 16, 16], "texture": "#1"}
			}
		},
		{
			"name": "Gear2",
			"from": [-7, 6.025, 6.5],
			"to": [23, 9.975, 9.5],
			"rotation": {"angle": 22.5, "axis": "y", "origin": [8, 8, 8]},
			"faces": {
				"north": {"uv": [0, 13, 15, 14.5], "texture": "#4"},
				"east": {"uv": [10, 9.5, 11.5, 11], "texture": "#4"},
				"south": {"uv": [0, 13, 15, 14.5], "texture": "#4"},
				"west": {"uv": [10, 9.5, 11.5, 11], "texture": "#4"},
				"up": {"uv": [0, 11.5, 15, 13], "texture": "#4"},
				"down": {"uv": [0, 11.5, 15, 13], "texture": "#4"}
			}
		},
		{
			"name": "Gear3",
			"from": [-7, 6.025, 6.5],
			"to": [23, 9.975, 9.5],
			"rotation": {"angle": -22.5, "axis": "y", "origin": [8, 8, 8]},
			"faces": {
				"north": {"uv": [0, 13, 15, 14.5], "texture": "#4"},
				"east": {"uv": [10, 9.5, 11.5, 11], "texture": "#4"},
				"south": {"uv": [0, 13, 15, 14.5], "texture": "#4"},
				"west": {"uv": [10, 9.5, 11.5, 11], "texture": "#4"},
				"up": {"uv": [0, 11.5, 15, 13], "texture": "#4"},
				"down": {"uv": [0, 11.5, 15, 13], "texture": "#4"}
			}
		},
		{
			"name": "Gear4",
			"from": [6.5, 6.025, -7],
			"to": [9.5, 9.975, 23],
			"rotation": {"angle": 22.5, "axis": "y", "origin": [8, 8, 8]},
			"faces": {
				"north": {"uv": [10, 9.5, 11.5, 11], "texture": "#4"},
				"east": {"uv": [0, 13, 15, 14.5], "texture": "#4"},
				"south": {"uv": [10, 9.5, 11.5, 11], "texture": "#4"},
				"west": {"uv": [0, 13, 15, 14.5], "texture": "#4"},
				"up": {"uv": [0, 11.5, 15, 13], "rotation": 90, "texture": "#4"},
				"down": {"uv": [0, 11.5, 15, 13], "rotation": 90, "texture": "#4"}
			}
		},
		{
			"name": "Gear",
			"from": [6.5, 6.025, -7],
			"to": [9.5, 9.975, 23],
			"rotation": {"angle": -22.5, "axis": "y", "origin": [8, 8, 8]},
			"faces": {
				"north": {"uv": [10, 9.5, 11.5, 11], "texture": "#4"},
				"east": {"uv": [0, 13, 15, 14.5], "texture": "#4"},
				"south": {"uv": [10, 9.5, 11.5, 11], "texture": "#4"},
				"west": {"uv": [0, 13, 15, 14.5], "texture": "#4"},
				"up": {"uv": [0, 11.5, 15, 13], "rotation": 90, "texture": "#4"},
				"down": {"uv": [0, 11.5, 15, 13], "rotation": 90, "texture": "#4"}
			}
		},
		{
			"name": "Gear5",
			"from": [-7, 6.025, 6.5],
			"to": [23, 9.975, 9.5],
			"rotation": {"angle": 45, "axis": "y", "origin": [8, 8, 8]},
			"faces": {
				"north": {"uv": [0, 13, 15, 14.5], "texture": "#4"},
				"east": {"uv": [10, 9.5, 11.5, 11], "texture": "#4"},
				"south": {"uv": [0, 13, 15, 14.5], "texture": "#4"},
				"west": {"uv": [10, 9.5, 11.5, 11], "texture": "#4"},
				"up": {"uv": [0, 11.5, 15, 13], "texture": "#4"},
				"down": {"uv": [0, 11.5, 15, 13], "texture": "#4"}
			}
		},
		{
			"name": "Gear6",
			"from": [6.5, 6.025, -7],
			"to": [9.5, 9.975, 23],
			"rotation": {"angle": 45, "axis": "y", "origin": [8, 8, 8]},
			"faces": {
				"north": {"uv": [10, 9.5, 11.5, 11], "texture": "#4"},
				"east": {"uv": [0, 13, 15, 14.5], "texture": "#4"},
				"south": {"uv": [10, 9.5, 11.5, 11], "texture": "#4"},
				"west": {"uv": [0, 13, 15, 14.5], "texture": "#4"},
				"up": {"uv": [0, 11.5, 15, 13], "rotation": 90, "texture": "#4"},
				"down": {"uv": [0, 11.5, 15, 13], "rotation": 90, "texture": "#4"}
			}
		},
		{
			"name": "Gear7",
			"from": [-7, 6.025, 6.5],
			"to": [23, 9.975, 9.5],
			"faces": {
				"north": {"uv": [0, 13, 15, 14.5], "texture": "#4"},
				"east": {"uv": [10, 9.5, 11.5, 11], "texture": "#4"},
				"south": {"uv": [0, 13, 15, 14.5], "texture": "#4"},
				"west": {"uv": [10, 9.5, 11.5, 11], "texture": "#4"},
				"up": {"uv": [0, 11.5, 15, 13], "texture": "#4"},
				"down": {"uv": [0, 11.5, 15, 13], "texture": "#4"}
			}
		},
		{
			"name": "Gear8",
			"from": [6.5, 6.025, -7],
			"to": [9.5, 9.975, 23],
			"faces": {
				"north": {"uv": [10, 9.5, 11.5, 11], "texture": "#4"},
				"east": {"uv": [0, 13, 15, 14.5], "texture": "#4"},
				"south": {"uv": [10, 9.5, 11.5, 11], "texture": "#4"},
				"west": {"uv": [0, 13, 15, 14.5], "texture": "#4"},
				"up": {"uv": [0, 11.5, 15, 13], "rotation": 90, "texture": "#4"},
				"down": {"uv": [0, 11.5, 15, 13], "rotation": 90, "texture": "#4"}
			}
		}
	],
	"groups": [
		0,
		1,
		{
			"name": "large_cogwheel",
			"origin": [8, 8, 8],
			"color": 0,
			"children": [2, 3, 4, 5, 6, 7, 8, 9]
		}
	]
}