{
	"credit": "Made with Blockbench",
	"textures": {
		"0": "create:block/portable_storage_interface",
		"particle": "create:block/portable_storage_interface"
	},
	"elements": [
		{
			"from": [3, 7, 3],
			"to": [13, 14.1, 13],
			"rotation": {"angle": 0, "axis": "y", "origin": [11, 15, 11]},
			"faces": {
				"north": {"uv": [1.5, 0, 6.5, 3.5], "texture": "#0"},
				"east": {"uv": [1.5, 0, 6.5, 3.5], "texture": "#0"},
				"south": {"uv": [1.5, 0, 6.5, 3.5], "texture": "#0"},
				"west": {"uv": [1.5, 0, 6.5, 3.5], "texture": "#0"}
			}
		},
		{
			"from": [1, 14, 1],
			"to": [15, 16, 15],
			"rotation": {"angle": 0, "axis": "y", "origin": [8, 15, 8]},
			"faces": {
				"north": {"uv": [8.5, 15, 15.5, 16], "texture": "#0"},
				"east": {"uv": [8.5, 15, 15.5, 16], "texture": "#0"},
				"south": {"uv": [8.5, 15, 15.5, 16], "texture": "#0"},
				"west": {"uv": [8.5, 15, 15.5, 16], "texture": "#0"},
				"up": {"uv": [8.5, 8, 15.5, 15], "texture": "#0"},
				"down": {"uv": [8.5, 8, 15.5, 15], "texture": "#0"}
			}
		}
	],
	"groups": [
		{
			"name": "Top",
			"origin": [10, 22, 10],
			"color": 0,
			"children": [0, 1]
		}
	]
}