{
	"credit": "Made with Blockbench",
	"parent": "block/block",
	"ambientocclusion": false,
	"textures": {
		"6": "create:block/waterwheel_metal",
		"mechanical_press_pole": "create:block/mechanical_press_pole"
	},
	"elements": [
		{
			"name": "polebase",
			"from": [5, 7, 5],
			"to": [11, 9, 11],
			"shade": false,
			"rotation": {"angle": 0, "axis": "y", "origin": [8, 9, 8]},
			"faces": {
				"north": {"uv": [10, 6, 16, 8], "texture": "#6"},
				"east": {"uv": [10, 6, 16, 8], "texture": "#6"},
				"south": {"uv": [10, 6, 16, 8], "texture": "#6"},
				"west": {"uv": [10, 6, 16, 8], "texture": "#6"},
				"up": {"uv": [10, 0, 16, 6], "texture": "#6"},
				"down": {"uv": [10, 0, 16, 6], "texture": "#6"}
			}
		},
		{
			"name": "Pole1Core",
			"from": [5, 9, 5],
			"to": [11, 19, 11],
			"rotation": {"angle": 0, "axis": "y", "origin": [8, 16, 8]},
			"faces": {
				"north": {"uv": [0, 6, 5, 16], "texture": "#mechanical_press_pole"},
				"east": {"uv": [5, 6, 10, 16], "texture": "#mechanical_press_pole"},
				"south": {"uv": [5, 6, 10, 16], "texture": "#mechanical_press_pole"},
				"west": {"uv": [5, 6, 10, 16], "texture": "#mechanical_press_pole"},
				"down": {"uv": [11, 1, 15, 5], "texture": "#mechanical_press_pole"}
			}
		},
		{
			"name": "Pole2Core",
			"from": [5, 19, 5],
			"to": [11, 32, 11],
			"rotation": {"angle": 0, "axis": "y", "origin": [8, 13, 8]},
			"faces": {
				"north": {"uv": [0, 0, 5, 13], "texture": "#mechanical_press_pole"},
				"east": {"uv": [5, 0, 10, 13], "texture": "#mechanical_press_pole"},
				"south": {"uv": [5, 0, 10, 13], "texture": "#mechanical_press_pole"},
				"west": {"uv": [5, 0, 10, 13], "texture": "#mechanical_press_pole"},
				"up": {"uv": [11, 1, 15, 5], "rotation": 180, "texture": "#mechanical_press_pole"}
			}
		}
	]
}