{
	"credit": "Made with Blockbench",
	"parent": "block/block",
	"textures": {
		"1": "block/anvil",
		"particle": "create:block/andesite_casing_short",
		"andesite_casing_short": "create:block/andesite_casing_short"
	},
	"elements": [
		{
			"name": "Core",
			"from": [0, 2, 13.1],
			"to": [16, 14, 16],
			"faces": {
				"north": {"uv": [0, 4, 16, 16], "texture": "#andesite_casing_short"},
				"east": {"uv": [2, 0, 14, 3], "rotation": 90, "texture": "#andesite_casing_short"},
				"south": {"uv": [0, 4, 16, 16], "texture": "#andesite_casing_short"},
				"west": {"uv": [2, 0, 14, 3], "rotation": 270, "texture": "#andesite_casing_short"},
				"up": {"uv": [0, 0, 16, 2.9], "texture": "#andesite_casing_short"},
				"down": {"uv": [0, 0, 16, 2.9], "rotation": 180, "texture": "#andesite_casing_short"}
			}
		},
		{
			"name": "Attachment",
			"from": [14, 4, 3],
			"to": [15.9, 7, 12],
			"rotation": {"angle": -22.5, "axis": "x", "origin": [16, 10, 15]},
			"faces": {
				"north": {"uv": [0.1, 8, 2, 11], "texture": "#andesite_casing_short"},
				"east": {"uv": [0, 0, 9, 3], "texture": "#andesite_casing_short"},
				"south": {"uv": [0, 0, 1.9, 3], "texture": "#andesite_casing_short"},
				"west": {"uv": [0, 0, 9, 3], "texture": "#andesite_casing_short"},
				"up": {"uv": [0, 4, 1.9, 13], "rotation": 180, "texture": "#andesite_casing_short"},
				"down": {"uv": [0, 4, 1.9, 13], "rotation": 180, "texture": "#andesite_casing_short"}
			}
		},
		{
			"name": "Attachment",
			"from": [2, 5, 1],
			"to": [13.9, 6, 13],
			"rotation": {"angle": -22.5, "axis": "x", "origin": [16, 10, 15]},
			"faces": {
				"north": {"uv": [2, 15, 13.9, 16], "texture": "#1"},
				"east": {"uv": [0, 0, 12, 1], "texture": "#1"},
				"south": {"uv": [0, 0, 11.9, 1], "texture": "#andesite_casing_short"},
				"west": {"uv": [0, 0, 12, 1], "texture": "#1"},
				"up": {"uv": [2, 2, 13.9, 14], "rotation": 180, "texture": "#1"},
				"down": {"uv": [2, 4, 13.9, 16], "rotation": 180, "texture": "#1"}
			}
		},
		{
			"name": "Attachment",
			"from": [0.1, 4, 3],
			"to": [2, 7, 12],
			"rotation": {"angle": -22.5, "axis": "x", "origin": [16, 10, 15]},
			"faces": {
				"north": {"uv": [14, 8, 15.9, 11], "texture": "#andesite_casing_short"},
				"east": {"uv": [0, 0, 9, 3], "texture": "#andesite_casing_short"},
				"south": {"uv": [0, 0, 1.9, 3], "texture": "#andesite_casing_short"},
				"west": {"uv": [0, 0, 9, 3], "texture": "#andesite_casing_short"},
				"up": {"uv": [14, 4, 15.9, 13], "rotation": 180, "texture": "#andesite_casing_short"},
				"down": {"uv": [14, 4, 15.9, 13], "rotation": 180, "texture": "#andesite_casing_short"}
			}
		}
	],
	"display": {
		"fixed": {
			"translation": [0, 0.5, -4],
			"scale": [0.5, 0.5, 0.5]
		}
	}
}