{
	"credit": "Made with Blockbench",
	"parent": "block/block",
	"textures": {
		"3": "create:block/chute",
		"particle": "create:block/industrial_iron_block"
	},
	"elements": [
		{
			"from": [2, 0, 2],
			"to": [14, 16, 14],
			"faces": {
				"north": {"uv": [1, 0, 7, 8], "texture": "#3"},
				"east": {"uv": [1, 0, 7, 8], "texture": "#3"},
				"south": {"uv": [1, 0, 7, 8], "texture": "#3"},
				"west": {"uv": [1, 0, 7, 8], "texture": "#3"},
				"down": {"uv": [9, 9, 15, 15], "texture": "#3"}
			}
		},
		{
			"from": [13.05, 0, 2.95],
			"to": [2.95, 16, 13.05],
			"rotation": {"angle": 0, "axis": "y", "origin": [8, 8, 8]},
			"faces": {
				"north": {"uv": [1.5, 0, 6.5, 8], "texture": "#3"},
				"east": {"uv": [1.5, 0, 6.5, 8], "texture": "#3"},
				"south": {"uv": [1.5, 0, 6.5, 8], "texture": "#3"},
				"west": {"uv": [1.5, 0, 6.5, 8], "texture": "#3"}
			}
		},
		{
			"from": [1, 8, 1],
			"to": [15, 16, 15],
			"rotation": {"angle": 0, "axis": "y", "origin": [8, 8, 8]},
			"faces": {
				"north": {"uv": [0.5, 0, 7.5, 4], "texture": "#3"},
				"east": {"uv": [0.5, 0, 7.5, 4], "texture": "#3"},
				"south": {"uv": [0.5, 0, 7.5, 4], "texture": "#3"},
				"west": {"uv": [0.5, 0, 7.5, 4], "texture": "#3"},
				"up": {"uv": [0.5, 8.5, 7.5, 15.5], "texture": "#3"},
				"down": {"uv": [1, 9, 7, 15], "texture": "#3"}
			}
		}
	],
	"display": {
		"thirdperson_righthand": {
			"rotation": [75, 45, 0],
			"translation": [0, 2.5, 0],
			"scale": [0.375, 0.375, 0.375]
		},
		"thirdperson_lefthand": {
			"rotation": [75, 45, 0],
			"translation": [0, 2.5, 0],
			"scale": [0.375, 0.375, 0.375]
		},
		"firstperson_righthand": {
			"rotation": [0, 45, 0],
			"scale": [0.4, 0.4, 0.4]
		},
		"firstperson_lefthand": {
			"rotation": [0, 225, 0],
			"scale": [0.4, 0.4, 0.4]
		},
		"ground": {
			"translation": [0, 3.25, 0],
			"scale": [0.25, 0.25, 0.25]
		},
		"gui": {
			"rotation": [30, 225, 0],
			"translation": [0, 1, 0],
			"scale": [0.5, 0.5, 0.5]
		},
		"head": {
			"rotation": [0, 90, 0]
		},
		"fixed": {
			"rotation": [0, 90, 0],
			"translation": [0, 1.5, 0],
			"scale": [0.5, 0.5, 0.5]
		}
	},
	"groups": [
		{
			"name": "New",
			"origin": [0, 0, 0],
			"color": 0,
			"children": [0, 1, 2]
		}
	]
}