{
	"credit": "Made with Blockbench",
	"parent": "block/block",
	"textures": {
		"4": "create:block/aaa/creative_motor",
		"6": "create:block/creative_motor",
		"particle": "create:block/creative_casing",
		"1_0": "create:block/axis"
	},
	"elements": [
		{
			"from": [12, 0, 2],
			"to": [14, 15, 4],
			"rotation": {"angle": 0, "axis": "x", "origin": [8, 8, 8]},
			"faces": {
				"north": {"uv": [9, 0, 7, 15], "rotation": 180, "texture": "#1_0"},
				"east": {"uv": [6, 15, 8, 0], "texture": "#1_0"},
				"south": {"uv": [8, 1, 6, 16], "texture": "#1_0"},
				"west": {"uv": [8, 16, 10, 1], "texture": "#1_0"},
				"up": {"uv": [14, 12, 16, 10], "rotation": 90, "texture": "#6"},
				"down": {"uv": [16, 10, 14, 12], "rotation": 180, "texture": "#6"}
			}
		},
		{
			"from": [2, 0, 2],
			"to": [4, 15, 4],
			"rotation": {"angle": 0, "axis": "x", "origin": [8, 8, 8]},
			"faces": {
				"north": {"uv": [9, 0, 7, 15], "rotation": 180, "texture": "#1_0"},
				"east": {"uv": [6, 15, 8, 0], "texture": "#1_0"},
				"south": {"uv": [8, 1, 6, 16], "texture": "#1_0"},
				"west": {"uv": [8, 16, 10, 1], "texture": "#1_0"},
				"up": {"uv": [14, 12, 16, 10], "rotation": 90, "texture": "#6"},
				"down": {"uv": [16, 10, 14, 12], "rotation": 180, "texture": "#6"}
			}
		},
		{
			"from": [2, 0, 12],
			"to": [4, 15, 14],
			"rotation": {"angle": 0, "axis": "x", "origin": [8, 8, 8]},
			"faces": {
				"north": {"uv": [9, 0, 7, 15], "rotation": 180, "texture": "#1_0"},
				"east": {"uv": [6, 15, 8, 0], "texture": "#1_0"},
				"south": {"uv": [8, 1, 6, 16], "texture": "#1_0"},
				"west": {"uv": [8, 16, 10, 1], "texture": "#1_0"},
				"up": {"uv": [14, 12, 16, 10], "rotation": 90, "texture": "#6"},
				"down": {"uv": [16, 10, 14, 12], "rotation": 180, "texture": "#6"}
			}
		},
		{
			"from": [12, 0, 12],
			"to": [14, 15, 14],
			"rotation": {"angle": 0, "axis": "x", "origin": [8, 8, 8]},
			"faces": {
				"north": {"uv": [9, 0, 7, 15], "rotation": 180, "texture": "#1_0"},
				"east": {"uv": [6, 15, 8, 0], "texture": "#1_0"},
				"south": {"uv": [8, 1, 6, 16], "texture": "#1_0"},
				"west": {"uv": [8, 16, 10, 1], "texture": "#1_0"},
				"up": {"uv": [14, 12, 16, 10], "rotation": 90, "texture": "#6"},
				"down": {"uv": [16, 10, 14, 12], "rotation": 180, "texture": "#6"}
			}
		},
		{
			"from": [3, -0.1, 3],
			"to": [13, 13.9, 13],
			"rotation": {"angle": 0, "axis": "z", "origin": [8, 6.9, 8]},
			"faces": {
				"north": {"uv": [0, 2, 10, 16], "texture": "#4"},
				"east": {"uv": [0, 2, 10, 16], "texture": "#4"},
				"south": {"uv": [0, 16, 10, 2], "rotation": 180, "texture": "#4"},
				"west": {"uv": [0, 16, 10, 2], "rotation": 180, "texture": "#4"},
				"up": {"uv": [0, 0, 10, 10], "rotation": 270, "texture": "#6"},
				"down": {"uv": [0, 0, 10, 10], "texture": "#6"}
			}
		}
	],
	"display": {
		"gui": {
			"rotation": [30, 45, 0],
			"scale": [0.625, 0.625, 0.625]
		}
	},
	"groups": [
		0,
		1,
		2,
		3,
		4,
		{
			"name": "shaft",
			"origin": [8, 8, 8],
			"color": 0,
			"children": []
		}
	]
}