{
	"credit": "Made with Blockbench",
	"parent": "block/block",
	"textures": {
		"0": "create:block/axis_top",
		"1": "create:block/axis",
		"2": "create:block/teto_drill",
		"10": "create:block/andesite_casing_very_short",
		"particle": "create:block/teto_drill"
	},
	"elements": [
		{
			"name": "Axle",
			"from": [6, 6, 0],
			"to": [10, 10, 4],
			"faces": {
				"north": {"uv": [6, 6, 10, 10], "texture": "#0"},
				"east": {"uv": [6, 12, 10, 16], "rotation": 90, "texture": "#1"},
				"west": {"uv": [6, 0, 10, 4], "rotation": 270, "texture": "#1"},
				"up": {"uv": [6, 12, 10, 16], "texture": "#1"},
				"down": {"uv": [6, 0, 10, 4], "rotation": 180, "texture": "#1"}
			}
		},
		{
			"name": "Core",
			"from": [5, 5, 9],
			"to": [11, 11, 12],
			"forge_data": {"calculate_normals": true},
			"rotation": {"angle": 45, "axis": "z", "origin": [8, 8, 8]},
			"faces": {
				"east": {"uv": [1, 1, 7, 4], "rotation": 270, "texture": "#10"},
				"south": {"uv": [5, 0, 11, 6], "texture": "#2"},
				"west": {"uv": [1, 1, 7, 4], "rotation": 90, "texture": "#10"},
				"up": {"uv": [1, 1, 7, 4], "rotation": 180, "texture": "#10"},
				"down": {"uv": [1, 1, 7, 4], "texture": "#10"}
			}
		},
		{
			"name": "Bottom",
			"from": [6, 3, 9],
			"to": [10, 5, 13],
			"forge_data": {"calculate_normals": true},
			"rotation": {"angle": -45, "axis": "z", "origin": [8, 8, 8]},
			"faces": {
				"north": {"uv": [0, 0, 4, 2], "texture": "#10"},
				"east": {"uv": [0, 3, 4, 1], "rotation": 180, "texture": "#10"},
				"south": {"uv": [16, 4, 14, 0], "rotation": 90, "texture": "#10"},
				"west": {"uv": [4, 3, 0, 1], "rotation": 180, "texture": "#10"},
				"up": {"uv": [0, 0, 4, 4], "texture": "#10"},
				"down": {"uv": [4, 4, 0, 0], "rotation": 90, "texture": "#10"}
			}
		},
		{
			"name": "Bottom",
			"from": [11, 6, 9],
			"to": [13, 10, 13],
			"forge_data": {"calculate_normals": true},
			"rotation": {"angle": -45, "axis": "z", "origin": [8, 8, 8]},
			"faces": {
				"north": {"uv": [0, 0, 4, 2], "rotation": 90, "texture": "#10"},
				"east": {"uv": [4, 4, 0, 0], "texture": "#10"},
				"south": {"uv": [16, 4, 14, 0], "texture": "#10"},
				"west": {"uv": [0, 0, 4, 4], "rotation": 270, "texture": "#10"},
				"up": {"uv": [0, 3, 4, 1], "rotation": 90, "texture": "#10"},
				"down": {"uv": [4, 3, 0, 1], "rotation": 90, "texture": "#10"}
			}
		},
		{
			"name": "Bottom",
			"from": [6, 11, 9],
			"to": [10, 13, 13],
			"forge_data": {"calculate_normals": true},
			"rotation": {"angle": -45, "axis": "z", "origin": [8, 8, 8]},
			"faces": {
				"north": {"uv": [0, 0, 4, 2], "rotation": 180, "texture": "#10"},
				"east": {"uv": [4, 3, 0, 1], "texture": "#10"},
				"south": {"uv": [16, 4, 14, 0], "rotation": 270, "texture": "#10"},
				"west": {"uv": [0, 3, 4, 1], "texture": "#10"},
				"up": {"uv": [4, 4, 0, 0], "rotation": 270, "texture": "#10"},
				"down": {"uv": [0, 0, 4, 4], "rotation": 180, "texture": "#10"}
			}
		},
		{
			"name": "Bottom",
			"from": [3, 6, 9],
			"to": [5, 10, 13],
			"forge_data": {"calculate_normals": true},
			"rotation": {"angle": -45, "axis": "z", "origin": [8, 8, 8]},
			"faces": {
				"north": {"uv": [0, 0, 4, 2], "rotation": 270, "texture": "#10"},
				"east": {"uv": [0, 0, 4, 4], "rotation": 90, "texture": "#10"},
				"south": {"uv": [16, 4, 14, 0], "rotation": 180, "texture": "#10"},
				"west": {"uv": [4, 4, 0, 0], "rotation": 180, "texture": "#10"},
				"up": {"uv": [4, 3, 0, 1], "rotation": 270, "texture": "#10"},
				"down": {"uv": [0, 3, 4, 1], "rotation": 270, "texture": "#10"}
			}
		},
		{
			"name": "Bit1",
			"from": [5.5, 5.5, 12],
			"to": [10.5, 10.5, 14],
			"forge_data": {"calculate_normals": true},
			"rotation": {"angle": 45, "axis": "z", "origin": [8, 8, 8]},
			"faces": {
				"north": {"uv": [0, 5, 5, 10], "texture": "#2"},
				"east": {"uv": [11, 0, 16, 2], "rotation": 90, "texture": "#2"},
				"south": {"uv": [0, 0, 5, 5], "texture": "#2"},
				"west": {"uv": [11, 6, 16, 8], "rotation": 270, "texture": "#2"},
				"up": {"uv": [11, 2, 16, 4], "texture": "#2"},
				"down": {"uv": [11, 4, 16, 6], "texture": "#2"}
			}
		},
		{
			"name": "Bit2",
			"from": [6, 6, 14],
			"to": [10, 10, 16],
			"forge_data": {"calculate_normals": true},
			"rotation": {"angle": 45, "axis": "z", "origin": [8, 8, 7]},
			"faces": {
				"north": {"uv": [0, 0, 4, 4], "texture": "#2"},
				"east": {"uv": [7, 6, 11, 8], "rotation": 90, "texture": "#2"},
				"south": {"uv": [0, 4, 4, 8], "texture": "#2"},
				"west": {"uv": [7, 0, 11, 2], "rotation": 270, "texture": "#2"},
				"up": {"uv": [7, 4, 11, 6], "texture": "#2"},
				"down": {"uv": [7, 2, 11, 4], "rotation": 180, "texture": "#2"}
			}
		},
		{
			"name": "Bit3",
			"from": [6.5, 6.5, 16],
			"to": [9.5, 9.5, 18],
			"forge_data": {"calculate_normals": true},
			"rotation": {"angle": -45, "axis": "z", "origin": [8, 8, 7]},
			"faces": {
				"north": {"uv": [0, 11, 3, 14], "texture": "#2"},
				"east": {"uv": [16, 12, 13, 14], "rotation": 270, "texture": "#2"},
				"south": {"uv": [0, 0, 3, 3], "texture": "#2"},
				"west": {"uv": [13, 14, 16, 16], "rotation": 270, "texture": "#2"},
				"up": {"uv": [13, 8, 16, 10], "texture": "#2"},
				"down": {"uv": [13, 10, 16, 12], "texture": "#2"}
			}
		},
		{
			"name": "Bit4",
			"from": [7, 7, 18],
			"to": [9, 9, 20],
			"forge_data": {"calculate_normals": true},
			"rotation": {"angle": 45, "axis": "z", "origin": [8, 8, 7]},
			"faces": {
				"north": {"uv": [0, 11, 2, 13], "texture": "#2"},
				"east": {"uv": [11, 10, 13, 12], "texture": "#2"},
				"south": {"uv": [0, 0, 2, 2], "texture": "#2"},
				"west": {"uv": [11, 12, 13, 14], "texture": "#2"},
				"up": {"uv": [11, 8, 13, 10], "texture": "#2"},
				"down": {"uv": [11, 14, 13, 16], "texture": "#2"}
			}
		}
	],
	"groups": [
		{
			"name": "head",
			"origin": [8, 8, 8],
			"color": 0,
			"children": [0, 1, 2, 3, 4, 5, 6, 7, 8, 9]
		}
	]
}
