{
	"credit": "Made with Blockbench",
	"render_type": "minecraft:cutout",
	"textures": {
		"1": "create:block/port",
		"particle": "create:block/port2"
	},
	"elements": [
		{
			"from": [1.25, 3.25, 9.65],
			"to": [14.75, 7.6, 14.75],
			"rotation": {"angle": 0, "axis": "y", "origin": [2.75, 3.75, 2.75]},
			"faces": {
				"east": {"uv": [0, 14.48696, 1.51111, 16], "texture": "#1"},
				"south": {"uv": [12, 14.48696, 16, 16], "texture": "#1"},
				"west": {"uv": [10.48889, 14.48696, 12, 16], "texture": "#1"}
			}
		},
		{
			"from": [2, 4, 2],
			"to": [14, 5.5, 14],
			"rotation": {"angle": 0, "axis": "y", "origin": [5, 4, 5]},
			"faces": {
				"north": {"uv": [4, 7.4, 8, 8], "texture": "#1"},
				"east": {"uv": [0, 7.4, 4, 8], "texture": "#1"},
				"south": {"uv": [12, 7.8875, 16, 8], "texture": "#1"},
				"west": {"uv": [8, 7.4, 12, 8], "texture": "#1"},
				"up": {"uv": [12, 0, 16, 4], "rotation": 180, "texture": "#1"},
				"down": {"uv": [8, 0, 12, 4], "texture": "#1"}
			}
		},
		{
			"from": [2, 5.5, 10.5],
			"to": [14, 9, 14],
			"rotation": {"angle": 0, "axis": "y", "origin": [5, 4, 5]},
			"faces": {
				"north": {"uv": [12, 0, 16, 1], "texture": "#1"},
				"east": {"uv": [0, 6, 1.16667, 7.4], "texture": "#1"},
				"south": {"uv": [12, 7.625, 16, 7.8875], "texture": "#1"},
				"west": {"uv": [10.8333, 6, 11.99997, 7.4], "texture": "#1"}
			}
		},
		{
			"from": [1.999, 5.5, 10.5],
			"to": [14.019, 11.5, 14],
			"rotation": {"angle": 0, "axis": "y", "origin": [5, 4, 5]},
			"faces": {
				"east": {"uv": [0, 5, 1.16667, 7.4], "texture": "#1"},
				"west": {"uv": [10.83333, 5, 12, 7.4], "texture": "#1"}
			}
		}
	],
	"groups": [
		{
			"name": "port_body",
			"origin": [8, 8, 8],
			"color": 0,
			"children": [0, 1, 2, 3]
		}
	]
}