{
	"credit": "Made with Blockbench",
	"render_type": "minecraft:cutout",
	"textures": {
		"1": "create:block/port",
		"particle": "create:block/port2"
	},
	"elements": [
		{
			"from": [1.25, 3.25, 1.25],
			"to": [14.75, 14.75, 2.9],
			"rotation": {"angle": 0, "axis": "y", "origin": [2.75, 3.75, 2.75]},
			"faces": {
				"north": {"uv": [4, 12, 8, 16], "texture": "#1"},
				"east": {"uv": [3.51111, 12, 4, 16], "texture": "#1"},
				"west": {"uv": [8, 12, 8.48889, 16], "texture": "#1"}
			}
		},
		{
			"from": [2, 5.5, 2],
			"to": [14, 9, 10.5],
			"rotation": {"angle": 0, "axis": "y", "origin": [5, 4, 5]},
			"faces": {
				"north": {"uv": [4, 6, 8, 7.4], "texture": "#1"},
				"east": {"uv": [1.16667, 6, 4, 7.4], "texture": "#1"},
				"west": {"uv": [8, 6, 10.83333, 7.4], "texture": "#1"},
				"up": {"uv": [4, 0, 8, 2.83333], "texture": "#1"}
			}
		},
		{
			"from": [2, 9, 2],
			"to": [14, 14, 14],
			"rotation": {"angle": 0, "axis": "y", "origin": [5, 4, 5]},
			"faces": {
				"north": {"uv": [4, 4, 8, 6], "texture": "#1"},
				"east": {"uv": [0, 4, 4, 6], "texture": "#1"},
				"south": {"uv": [12, 4, 16, 6], "texture": "#1"},
				"west": {"uv": [8, 4, 12, 6], "texture": "#1"},
				"up": {"uv": [4, 0, 8, 4], "rotation": 180, "texture": "#1"},
				"down": {"uv": [12, 0, 16, 4], "texture": "#1"}
			}
		},
		{
			"from": [14, 5.5, 2],
			"to": [2, 9, 10.5],
			"rotation": {"angle": 0, "axis": "y", "origin": [17, 4, 5]},
			"faces": {
				"north": {"uv": [0, 2.5, 4, 3.9], "texture": "#1"},
				"east": {"uv": [0, 0.5, 2.83333, 1.9], "texture": "#1"},
				"west": {"uv": [1.16667, 0.5, 4, 1.9], "texture": "#1"}
			}
		}
	],
	"groups": [
		{
			"name": "port_head",
			"origin": [8, 8, 8],
			"color": 0,
			"children": [0, 1, 2, 3]
		}
	]
}