{
	"credit": "Made with Blockbench",
	"parent": "block/block",
	"textures": {
		"0": "create:block/port2",
		"1": "create:block/port",
		"particle": "create:block/vault/vault_top_small"
	},
	"elements": [
		{
			"from": [0, 0, 0],
			"to": [16, 4, 16],
			"faces": {
				"north": {"uv": [0, 14, 8, 16], "texture": "#0"},
				"east": {"uv": [0, 14, 8, 16], "texture": "#0"},
				"south": {"uv": [0, 14, 8, 16], "texture": "#0"},
				"west": {"uv": [0, 14, 8, 16], "texture": "#0"},
				"up": {"uv": [8, 0, 16, 8], "texture": "#0"},
				"down": {"uv": [8, 8, 16, 16], "texture": "#0"}
			}
		},
		{
			"from": [2, 4, 2],
			"to": [14, 14, 14],
			"rotation": {"angle": 0, "axis": "y", "origin": [5, 4, 5]},
			"faces": {
				"north": {"uv": [4, 4, 8, 8], "texture": "#1"},
				"east": {"uv": [0, 4, 4, 8], "texture": "#1"},
				"south": {"uv": [12, 4, 16, 8], "texture": "#1"},
				"west": {"uv": [8, 4, 12, 8], "texture": "#1"},
				"up": {"uv": [4, 0, 8, 4], "rotation": 180, "texture": "#1"},
				"down": {"uv": [8, 0, 12, 4], "texture": "#1"}
			}
		},
		{
			"from": [1.5, 3.5, 1.5],
			"to": [14.5, 14.5, 14.5],
			"rotation": {"angle": 0, "axis": "y", "origin": [2, 4, 2]},
			"faces": {
				"north": {"uv": [4, 12, 8, 16], "texture": "#1"},
				"east": {"uv": [0, 12, 4, 16], "texture": "#1"},
				"south": {"uv": [12, 12, 16, 16], "texture": "#1"},
				"west": {"uv": [8, 12, 12, 16], "texture": "#1"}
			}
		}
	],
	"display": {
		"head": {
			"translation": [0, 13, 0]
		}
	},
	"groups": [
		{
			"name": "base",
			"origin": [8, 8, 8],
			"color": 0,
			"children": [0]
		},
		{
			"name": "head",
			"origin": [8, 8, 8],
			"color": 0,
			"children": [1, 2]
		}
	]
}