{
	"credit": "Made with Blockbench",
	"textures": {
		"5": "create:block/controls"
	},
	"elements": [
		{
			"from": [4, 9, -1],
			"to": [6, 11, 9],
			"rotation": {"angle": 45, "axis": "x", "origin": [0, 10, 11]},
			"faces": {
				"north": {"uv": [8, 1.5, 9, 2.5], "rotation": 180, "texture": "#5"},
				"east": {"uv": [9, 3, 8, 8], "rotation": 90, "texture": "#5"},
				"west": {"uv": [9, 3, 8, 8], "rotation": 270, "texture": "#5"},
				"up": {"uv": [8, 3, 9, 8], "texture": "#5"},
				"down": {"uv": [8, 3, 9, 8], "rotation": 180, "texture": "#5"}
			}
		}
	]
}