{
	"credit": "Made with Blockbench",
	"textures": {
		"4": "create:block/controls_frame",
		"1_7": "create:block/controls",
		"particle": "create:block/bogey/particle"
	},
	"elements": [
		{
			"from": [4, 9, -1],
			"to": [6, 11, 9],
			"rotation": {"angle": 22.5, "axis": "x", "origin": [0, 10, 11]},
			"faces": {
				"north": {"uv": [8, 1.5, 9, 2.5], "rotation": 180, "texture": "#1_7"},
				"east": {"uv": [9, 3, 8, 8], "rotation": 90, "texture": "#1_7"},
				"west": {"uv": [9, 3, 8, 8], "rotation": 270, "texture": "#1_7"},
				"up": {"uv": [8, 3, 9, 8], "texture": "#1_7"},
				"down": {"uv": [8, 3, 9, 8], "rotation": 180, "texture": "#1_7"}
			}
		},
		{
			"from": [10, 9, -1],
			"to": [12, 11, 9],
			"rotation": {"angle": 22.5, "axis": "x", "origin": [0, 10, 11]},
			"faces": {
				"north": {"uv": [8, 1.5, 9, 2.5], "rotation": 180, "texture": "#1_7"},
				"east": {"uv": [9, 3, 8, 8], "rotation": 90, "texture": "#1_7"},
				"west": {"uv": [9, 3, 8, 8], "rotation": 270, "texture": "#1_7"},
				"up": {"uv": [8, 3, 9, 8], "texture": "#1_7"},
				"down": {"uv": [8, 3, 9, 8], "rotation": 180, "texture": "#1_7"}
			}
		},
		{
			"from": [2, 4.95, 6.75],
			"to": [14, 13.2, 14],
			"faces": {
				"north": {"uv": [9.5, 3.5, 15.5, 0], "texture": "#1_7"},
				"up": {"uv": [9.5, 0, 15.5, 3.5], "rotation": 180, "texture": "#1_7"},
				"down": {"uv": [9.5, 0, 15.5, 3.5], "rotation": 180, "texture": "#1_7"}
			}
		},
		{
			"from": [2, 0, 8],
			"to": [14, 5, 15],
			"faces": {
				"north": {"uv": [1, 13.5, 7, 16], "texture": "#4"}
			}
		},
		{
			"from": [0, 0, 6],
			"to": [16, 14, 16],
			"faces": {
				"north": {"uv": [8, 9, 16, 16], "texture": "#1_7"},
				"east": {"uv": [13, 0, 8.5, 7], "texture": "#4"},
				"south": {"uv": [0, 0, 8, 7], "texture": "#4"},
				"west": {"uv": [8.5, 0, 13, 7], "texture": "#4"},
				"up": {"uv": [8, 8, 16, 13], "rotation": 180, "texture": "#1_7"},
				"down": {"uv": [0, 16, 8, 11], "texture": "#1_7"}
			}
		},
		{
			"from": [2, 0, 14],
			"to": [14, 14, 6],
			"rotation": {"angle": 0, "axis": "y", "origin": [0, 0, 2]},
			"faces": {
				"north": {"uv": [8, 8, 16, 16], "texture": "#1_7"},
				"east": {"uv": [8.5, 0, 13, 7], "texture": "#4"},
				"west": {"uv": [13, 0, 8.5, 7], "texture": "#4"}
			}
		}
	]
}