{
	"credit": "Made with Blockbench",
	"parent": "block/block",
	"textures": {
		"1": "create:block/encased_chain_drive_middle",
		"particle": "create:block/encased_chain_drive",
		"side": "create:block/encased_chain_drive"
	},
	"elements": [
		{
			"name": "Top",
			"from": [0, 0, 0],
			"to": [16, 16, 16],
			"faces": {
				"east": {"uv": [0, 0, 16, 16], "texture": "#1"},
				"west": {"uv": [0, 0, 16, 16], "rotation": 180, "texture": "#1"},
				"up": {"uv": [0, 0, 16, 16], "rotation": 90, "texture": "#side"},
				"down": {"uv": [0, 0, 16, 16], "rotation": 270, "texture": "#side"}
			}
		}
	]
}